{
  "rq3": {
    "base_acc": 0.98046875,
    "pareto_front": [
      {
        "strategy": "random",
        "flip_prob": 0.0,
        "attacker_variant": "naive",
        "acc_drop": 0.0,
        "recovery_reduction": 0.0,
        "post_recovery": 0.9999981820297275,
        "post_acc": 0.98046875,
        "relative_l2_distance": 0.000791200297299769,
        "hamming_distance": 2,
        "wasserstein_distance": 1.5826923061013076e-07,
        "exact_recovery": false,
        "defense_time_ms": 1126.3496209867299,
        "post_recovery_strict": 0.9999981820297275,
        "exact_recovery_strict": false,
        "recovery_reduction_strict": 0.0,
        "expansion_factor": 1.0,
        "corrected_errors": 0,
        "theoretical_bound": 1.0,
        "poisoned_fingerprint": "8d8ceb96177bba66",
        "defensed_fingerprint": "8d8ceb96177bba66"
      },
      {
        "strategy": "random",
        "flip_prob": 0.0001,
        "attacker_variant": "naive",
        "acc_drop": 0.0,
        "recovery_reduction": 0.00010362430553534363,
        "post_recovery": 0.9998945577241921,
        "post_acc": 0.98046875,
        "relative_l2_distance": 0.0008345800764340211,
        "hamming_distance": 116,
        "wasserstein_distance": 1.596834380279688e-07,
        "exact_recovery": false,
        "defense_time_ms": 1063.6625136248767,
        "post_recovery_strict": 0.9998945577241921,
        "exact_recovery_strict": false,
        "recovery_reduction_strict": 0.00010362430553534363,
        "expansion_factor": 1.0,
        "corrected_errors": 0,
        "theoretical_bound": 0.9999,
        "poisoned_fingerprint": "8d8ceb96177bba66",
        "defensed_fingerprint": "8d8ceb96177bba66"
      },
      {
        "strategy": "random",
        "flip_prob": 0.001,
        "attacker_variant": "naive",
        "acc_drop": 0.0,
        "recovery_reduction": 0.0009489804822712111,
        "post_recovery": 0.9990492015474562,
        "post_acc": 0.98046875,
        "relative_l2_distance": 0.0011524883880299987,
        "hamming_distance": 1046,
        "wasserstein_distance": 1.7323746703823417e-07,
        "exact_recovery": false,
        "defense_time_ms": 3498.7096209079027,
        "post_recovery_strict": 0.9990492015474562,
        "exact_recovery_strict": false,
        "recovery_reduction_strict": 0.0009489804822712111,
        "expansion_factor": 1.0,
        "corrected_errors": 0,
        "theoretical_bound": 0.999,
        "poisoned_fingerprint": "8d8ceb96177bba66",
        "defensed_fingerprint": "4b46c5b40f712c92"
      },
      {
        "strategy": "random",
        "flip_prob": 0.01,
        "attacker_variant": "naive",
        "acc_drop": 0.0,
        "recovery_reduction": 0.010028833008522642,
        "post_recovery": 0.9899693490212048,
        "post_acc": 0.98046875,
        "relative_l2_distance": 0.002765123526627241,
        "hamming_distance": 11035,
        "wasserstein_distance": 5.234537638898473e-07,
        "exact_recovery": false,
        "defense_time_ms": 3699.177068192512,
        "post_recovery_strict": 0.9899693490212048,
        "exact_recovery_strict": false,
        "recovery_reduction_strict": 0.010028833008522642,
        "expansion_factor": 1.0,
        "corrected_errors": 0,
        "theoretical_bound": 0.99,
        "poisoned_fingerprint": "8d8ceb96177bba66",
        "defensed_fingerprint": "797d4db6321d26a0"
      },
      {
        "strategy": "random",
        "flip_prob": 0.05,
        "attacker_variant": "naive",
        "acc_drop": 0.0,
        "recovery_reduction": 0.050248698333284825,
        "post_recovery": 0.9497494836964426,
        "post_acc": 0.98046875,
        "relative_l2_distance": 0.005978341289895339,
        "hamming_distance": 55282,
        "wasserstein_distance": 2.3777895421517314e-06,
        "exact_recovery": false,
        "defense_time_ms": 1061.9328431785107,
        "post_recovery_strict": 0.9497494836964426,
        "exact_recovery_strict": false,
        "recovery_reduction_strict": 0.050248698333284825,
        "expansion_factor": 1.0,
        "corrected_errors": 0,
        "theoretical_bound": 0.95,
        "poisoned_fingerprint": "8d8ceb96177bba66",
        "defensed_fingerprint": "e20dc5cde0821fa5"
      },
      {
        "strategy": "random",
        "flip_prob": 0.1,
        "attacker_variant": "naive",
        "acc_drop": 0.0,
        "recovery_reduction": 0.10051194042875011,
        "post_recovery": 0.8994862416009773,
        "post_acc": 0.98046875,
        "relative_l2_distance": 0.008417897761071887,
        "hamming_distance": 110578,
        "wasserstein_distance": 4.516526587394765e-06,
        "exact_recovery": false,
        "defense_time_ms": 3449.475022032857,
        "post_recovery_strict": 0.8994862416009773,
        "exact_recovery_strict": false,
        "recovery_reduction_strict": 0.10051194042875011,
        "expansion_factor": 1.0,
        "corrected_errors": 0,
        "theoretical_bound": 0.9,
        "poisoned_fingerprint": "8d8ceb96177bba66",
        "defensed_fingerprint": "8ce7b6b0e754d719"
      },
      {
        "strategy": "random",
        "flip_prob": 0.1,
        "attacker_variant": "rs",
        "acc_drop": 0.0,
        "recovery_reduction": 0.1008800794089415,
        "post_recovery": 0.8991199205910585,
        "post_acc": 0.98046875,
        "relative_l2_distance": 0.00843602052468749,
        "hamming_distance": 110981,
        "wasserstein_distance": 4.534505478659412e-06,
        "exact_recovery": false,
        "defense_time_ms": 1054.8481876030564,
        "post_recovery_strict": 0.8991199205910585,
        "exact_recovery_strict": false,
        "recovery_reduction_strict": 0.1008800794089415,
        "expansion_factor": 2.008239041275197,
        "corrected_errors": 0,
        "theoretical_bound": 0.9,
        "poisoned_fingerprint": "6faa6b7e4540e3d2",
        "defensed_fingerprint": "1e48cda1a97dd391"
      },
      {
        "strategy": "pattern",
        "x_bits": 19,
        "pattern": "0000000000000000000",
        "attacker_variant": "naive",
        "acc_drop": 0.0,
        "recovery_reduction": 0.4476742706303266,
        "post_recovery": 0.5523239113994008,
        "post_acc": 0.98046875,
        "exact_recovery": false,
        "defense_time_ms": 43.03285200148821,
        "hamming_distance": 492501,
        "wasserstein_distance": 0.0013947344850748777,
        "post_recovery_strict": 0.5523239113994008,
        "exact_recovery_strict": false,
        "recovery_reduction_strict": 0.4476742706303266,
        "expansion_factor": 1.0,
        "corrected_errors": 0,
        "poisoned_fingerprint": "8d8ceb96177bba66",
        "defensed_fingerprint": "5c0c624af72979de"
      },
      {
        "strategy": "pattern",
        "x_bits": 19,
        "pattern": "1111111111111111111",
        "attacker_variant": "naive",
        "acc_drop": 0.0,
        "recovery_reduction": 0.5523220934291282,
        "post_recovery": 0.4476760886005992,
        "post_acc": 0.98046875,
        "exact_recovery": false,
        "defense_time_ms": 42.94593678787351,
        "hamming_distance": 607627,
        "wasserstein_distance": 0.0014392606681212783,
        "post_recovery_strict": 0.4476760886005992,
        "exact_recovery_strict": false,
        "recovery_reduction_strict": 0.5523220934291282,
        "expansion_factor": 1.0,
        "corrected_errors": 0,
        "poisoned_fingerprint": "8d8ceb96177bba66",
        "defensed_fingerprint": "badba72a419fd3f0"
      },
      {
        "strategy": "pattern",
        "x_bits": 19,
        "pattern": "1111111111111111111",
        "attacker_variant": "repeat3",
        "acc_drop": 0.0,
        "recovery_reduction": 0.5523239113994007,
        "post_recovery": 0.4476760886005992,
        "post_acc": 0.98046875,
        "exact_recovery": false,
        "defense_time_ms": 42.63617563992739,
        "hamming_distance": 607627,
        "wasserstein_distance": 0.0014392606681212783,